执行时间,执行次数,流量
2021-03-01 19:37:12,第1次,2067
2021-03-01 19:37:16,第2次,36469
2021-03-01 19:37:20,第3次,716948
2021-03-01 19:37:25,第4次,5250
2021-03-01 19:37:29,第5次,499270
2021-03-01 19:37:34,第6次,825150
2021-03-01 19:37:38,第7次,137208
2021-03-01 19:37:42,第8次,503266
2021-03-01 19:37:47,第9次,5036
2021-03-01 19:37:51,第10次,7434
2021-03-01 19:37:56,第11次,289280
2021-03-01 19:38:00,第12次,343566
2021-03-01 19:38:05,第13次,129609
2021-03-01 19:38:09,第14次,9434
2021-03-01 19:38:13,第15次,459638
2021-03-01 19:38:18,第16次,5208
2021-03-01 19:38:22,第17次,247404
2021-03-01 19:38:27,第18次,4812
2021-03-01 19:38:31,第19次,14658
2021-03-01 19:38:36,第20次,5037
2021-03-01 19:38:40,第21次,4743
2021-03-01 19:38:45,第22次,20505
2021-03-01 19:38:49,第23次,7838
2021-03-01 19:38:54,第24次,19503
2021-03-01 19:38:58,第25次,10416
2021-03-01 19:39:02,第26次,5014
2021-03-01 19:39:07,第27次,5431
2021-03-01 19:39:11,第28次,10584
2021-03-01 19:39:15,第29次,6369
2021-03-01 19:39:20,第30次,4335
